FSCU7397455,20,GP,DM,28240,2240,02/03,MERATUS GORONTALO-S136,MSC,2021-09-20 13:07:10,MSC,,D,PNJMTY275136
XINU1110106,20,GP,DM,28280,2200,02/05,MERATUS GORONTALO-S136,MSC,2021-09-20 13:07:44,MSC,,D,PNJMTY275136
TGHU0655406,20,GP,DM,28230,2250,06/07,MERATUS GORONTALO-S136,MSC,2021-09-20 13:08:18,MSC,,C,PNJMTY275136
MSCU3749107,20,GP,DM,28300,2180,07/06,MERATUS GORONTALO-S136,MSC,2021-09-20 13:08:54,MSC,,C,PNJMTY275136
FCIU4340565,20,GP,DM,28300,2180,11/10,MERATUS GORONTALO-S136,MSC,2021-09-20 13:09:17,MSC,,B,PNJMTY275136
DFSU2728175,20,GP,DM,28320,2160,07/10,MERATUS GORONTALO-S136,MSC,2021-09-20 13:09:35,MSC,,B,PNJMTY275136
MSCU6646294,20,GP,DM,28200,2280,05/05,MERATUS GORONTALO-S136,MSC,2021-09-20 13:10:19,MSC,,D,PNJMTY275136
XINU1074483,20,GP,DM,28280,2200,07/05,MERATUS GORONTALO-S136,MSC,2021-09-20 13:10:28,MSC,,C,PNJMTY275136
MEDU5506890,20,GP,AV,28260,2220,01/19,MERATUS GORONTALO-S136,MSC,2021-09-20 13:11:16,MSC,,C,PNJMTY275136
MEDU3709707,20,GP,DM,28200,2280,05/08,MERATUS GORONTALO-S136,MSC,2021-09-20 13:11:22,MSC,,D,PNJMTY275136
MSCU6436549,20,GP,DM,28200,2280,04/05,MERATUS GORONTALO-S136,MSC,2021-09-20 13:11:57,MSC,,C,PNJMTY275136
TRHU1482420,20,GP,DM,28250,2230,06/12,MERATUS GORONTALO-S136,MSC,2021-09-20 13:11:59,MSC,,B,PNJMTY275136
DFSU1246590,20,GP,DM,28320,2160,04/13,MERATUS GORONTALO-S136,MSC,2021-09-20 13:12:24,MSC,,B,PNJMTY275136
MEDU5424621,20,GP,AV,28260,2220,11/18,MERATUS GORONTALO-S136,MSC,2021-09-20 13:12:33,MSC,,C,PNJMTY275136
FCIU3592670,20,GP,AV,28260,2220,09/07,MERATUS GORONTALO-S136,MSC,2021-09-20 13:12:56,MSC,,C,PNJMTY275136
TTNU2815470,20,GP,DM,28250,2230,10/09,MERATUS GORONTALO-S136,MSC,2021-09-20 13:13:06,MSC,,C,PNJMTY275136
MEDU6808088,20,GP,AV,28265,2215,05/11,MERATUS GORONTALO-S136,MSC,2021-09-20 13:13:27,MSC,,C,PNJMTY275136
TGHU0441045,20,GP,DM,28280,2200,02/07,MERATUS GORONTALO-S136,MSC,2021-09-20 13:13:43,MSC,,C,PNJMTY275136
GLDU3347057,20,GP,DM,28250,2230,04/06,MERATUS GORONTALO-S136,MSC,2021-09-20 13:14:07,MSC,,D,PNJMTY275136
MEDU5365452,20,GP,AV,28260,2220,10/18,MERATUS GORONTALO-S136,MSC,2021-09-20 13:14:12,MSC,,C,PNJMTY275136
MEDU2323880,20,GP,AV,28200,2280,08/07,MERATUS GORONTALO-S136,MSC,2021-09-20 13:14:25,MSC,,C,PNJMTY275136
MEDU2232986,20,GP,DM,28200,2280,04/07,MERATUS GORONTALO-S136,MSC,2021-09-20 13:14:39,MSC,,C,PNJMTY275136
MSCU6481471,20,GP,AV,28200,2280,01/05,MERATUS GORONTALO-S136,MSC,2021-09-20 13:15:27,MSC,,C,PNJMTY275136
MEDU5526069,20,GP,AV,28260,2220,06/15,MERATUS GORONTALO-S136,MSC,2021-09-20 13:16:17,MSC,,C,PNJMTY275136
GLDU9321316,20,GP,DM,28250,2230,02/11,MERATUS GORONTALO-S136,MSC,2021-09-20 13:16:35,MSC,,B,PNJMTY275136
MEDU3161151,20,GP,DM,28200,2280,03/08,MERATUS GORONTALO-S136,MSC,2021-09-20 13:17:03,MSC,,C,PNJMTY275136
FCIU6468920,20,GP,DM,28380,2100,05/18,MERATUS GORONTALO-S136,MSC,2021-09-20 13:17:07,MSC,,C,PNJMTY275136
MEDU5143711,20,GP,DM,28260,2220,10/18,MERATUS GORONTALO-S136,MSC,2021-09-20 13:17:46,MSC,,C,PNJMTY275136
TGHU3617539,20,GP,DM,28280,2200,08/05,MERATUS GORONTALO-S136,MSC,2021-09-20 13:18:15,MSC,,C,PNJMTY275136
DFSU1476910,20,GP,AV,28320,2160,03/14,MERATUS GORONTALO-S136,MSC,2021-09-20 13:18:37,MSC,,B,PNJMTY275136
TCKU2378747,20,GP,DM,28300,2180,12/10,MERATUS GORONTALO-S136,MSC,2021-09-20 13:18:57,MSC,,C,PNJMTY275136
BMOU2219200,20,GP,DM,28260,2220,05/08,MERATUS GORONTALO-S136,MSC,2021-09-20 13:19:04,MSC,,C,PNJMTY275136
MEDU6538681,20,GP,AV,28200,2280,05/11,MERATUS GORONTALO-S136,MSC,2021-09-20 13:19:19,MSC,,C,PNJMTY275136
TEMU4406755,20,GP,AV,28280,2200,01/12,MERATUS GORONTALO-S136,MSC,2021-09-20 13:19:46,MSC,,C,PNJMTY275136
TEMU4263037,20,GP,DM,28300,2180,07/12,MERATUS GORONTALO-S136,MSC,2021-09-20 13:20:08,MSC,,B,PNJMTY275136
TRHU1958190,20,GP,DM,28300,2180,04/11,MERATUS GORONTALO-S136,MSC,2021-09-20 13:20:31,MSC,,C,PNJMTY275136
BMOU2742382,20,GP,DM,28260,2220,09/10,MERATUS GORONTALO-S136,MSC,2021-09-20 13:20:34,MSC,,B,PNJMTY275136
CAIU6211471,20,GP,DM,28330,2150,11/15,MERATUS GORONTALO-S136,MSC,2021-09-20 13:20:53,MSC,,C,PNJMTY275136
SEGU1402549,20,GP,DM,28300,2180,11/18,MERATUS GORONTALO-S136,MSC,2021-09-20 13:21:13,MSC,,B,PNJMTY275136
FCIU6040628,20,GP,AV,28300,2180,07/15,MERATUS GORONTALO-S136,MSC,2021-09-20 13:21:25,MSC,,C,PNJMTY275136
MEDU3675546,20,GP,DM,28200,2280,07/08,MERATUS GORONTALO-S136,MSC,2021-09-20 13:21:39,MSC,,C,PNJMTY275136
TRLU8923552,20,GP,DM,28250,2230,05/06,MERATUS GORONTALO-S136,MSC,2021-09-20 13:22:24,MSC,,C,PNJMTY275136
MEDU3408513,20,GP,DM,28300,2180,06/08,MERATUS GORONTALO-S136,MSC,2021-09-20 13:23:01,MSC,,C,PNJMTY275136
MSDU1323570,20,GP,AV,28280,2200,01/20,MERATUS GORONTALO-S136,MSC,2021-09-20 13:23:29,MSC,,C,PNJMTY275136
MEDU1913970,20,GP,DM,28200,2280,02/07,MERATUS GORONTALO-S136,MSC,2021-09-20 13:24:10,MSC,,C,PNJMTY275136
DRYU2092400,20,GP,DM,28280,2200,05/07,MERATUS GORONTALO-S136,MSC,2021-09-20 13:24:46,MSC,,C,PNJMTY275136
MSCU2591146,20,GP,DM,28200,2280,06/06,MERATUS GORONTALO-S136,MSC,2021-09-20 13:25:10,MSC,,C,PNJMTY275136
MSDU1698067,20,GP,AV,28260,2220,11/20,MERATUS GORONTALO-S136,MSC,2021-09-20 13:27:25,MSC,,C,PNJMTY275136
MEDU6827787,20,GP,AV,28265,2215,05/13,MERATUS GORONTALO-S136,MSC,2021-09-20 13:27:52,MSC,,C,PNJMTY275136
DFSU2842172,20,GP,DM,28300,2180,02/11,MERATUS GORONTALO-S136,MSC,2021-09-20 13:28:04,MSC,,C,PNJMTY275136
FCIU6273131,20,GP,AV,28380,2100,12/17,MERATUS GORONTALO-S136,MSC,2021-09-20 13:28:16,MSC,,C,PNJMTY275136
DRYU2247646,20,GP,AV,28280,2200,05/11,MERATUS GORONTALO-S136,MSC,2021-09-20 13:28:48,MSC,,C,PNJMTY275136
MEDU3105585,20,GP,DM,28200,2280,04/08,MERATUS GORONTALO-S136,MSC,2021-09-20 13:30:01,MSC,,C,PNJMTY275136
MSCU3502950,20,GP,DM,28200,2280,01/06,MERATUS GORONTALO-S136,MSC,2021-09-20 13:30:16,MSC,,C,PNJMTY275136
GLDU5192993,20,GP,AV,28350,2130,10/07,MERATUS GORONTALO-S136,MSC,2021-09-20 13:30:40,MSC,,C,PNJMTY275136
FCIU6031652,20,GP,AV,28330,2150,06/15,MERATUS GORONTALO-S136,MSC,2021-09-20 13:31:05,MSC,,C,PNJMTY275136
MEDU3425547,20,GP,DM,28200,2280,06/08,MERATUS GORONTALO-S136,MSC,2021-09-20 13:35:09,MSC,,C,PNJMTY275136
MSCU3595470,20,GP,DM,28200,2280,02/06,MERATUS GORONTALO-S136,MSC,2021-09-20 13:40:56,MSC,,C,PNJMTY275136
TCLU7674688,20,GP,AV,28290,2190,08/14,MERATUS GORONTALO-S136,MSC,2021-09-20 13:41:16,MSC,,C,PNJMTY275136
MEDU1252735,20,GP,DM,28200,2280,06/06,MERATUS GORONTALO-S136,MSC,2021-09-20 13:41:38,MSC,,C,PNJMTY275136
BMOU2148745,20,GP,AV,28260,2220,06/08,MERATUS GORONTALO-S136,MSC,2021-09-20 13:46:55,MSC,,C,PNJMTY275136
CAIU2902860,20,GP,AV,28280,2200,04/11,MERATUS GORONTALO-S136,MSC,2021-09-20 13:47:13,MSC,,B,PNJMTY275136
MEDU3749084,20,GP,AV,28200,2280,07/08,MERATUS GORONTALO-S136,MSC,2021-09-20 13:48:32,MSC,,C,PNJMTY275136
GLDU5106357,20,GP,AV,28320,2160,07/07,MERATUS GORONTALO-S136,MSC,2021-09-20 13:51:48,MSC,,C,PNJMTY275136
MEDU6631984,20,GP,AV,28260,2220,03/15,MERATUS GORONTALO-S136,MSC,2021-09-20 13:53:47,MSC,,C,PNJMTY275136
MEDU5375065,20,GP,AV,28260,2220,10/18,MERATUS GORONTALO-S136,MSC,2021-09-20 13:54:47,MSC,,A,PNJMTY275136
TGCU0126873,20,GP,AV,28300,2180,08/15,MERATUS GORONTALO-S136,MSC,2021-09-20 13:55:17,MSC,,B,PNJMTY275136
GLDU2200740,20,GP,AV,28200,2280,05/02,MERATUS GORONTALO-S136,MSC,2021-09-20 13:55:36,MSC,,C,PNJMTY275136
MEDU6802135,20,GP,AV,28265,2215,06/11,MERATUS GORONTALO-S136,MSC,2021-09-20 13:56:18,MSC,,C,PNJMTY275136
BMOU2042671,20,GP,AV,28260,2220,03/08,MERATUS GORONTALO-S136,MSC,2021-09-20 13:56:32,MSC,,C,PNJMTY275136
GLDU5589933,20,GP,AV,28250,2230,07/08,MERATUS GORONTALO-S136,MSC,2021-09-20 13:57:47,MSC,,C,PNJMTY275136
MSDU1452432,20,GP,AV,28260,2220,07/19,MERATUS GORONTALO-S136,MSC,2021-09-20 14:00:25,MSC,,C,PNJMTY275136
TCKU3766860,20,GP,DM,28300,2180,05/10,MERATUS GORONTALO-S136,MSC,2021-09-20 14:00:55,MSC,,C,PNJMTY275136
MEDU2341251,20,GP,DM,28200,2280,09/07,MERATUS GORONTALO-S136,MSC,2021-09-20 14:01:17,MSC,,C,PNJMTY275136
TCLU7677291,20,GP,DM,28290,2190,08/14,MERATUS GORONTALO-S136,MSC,2021-09-20 14:01:46,MSC,,C,PNJMTY275136
TEMU5413039,20,GP,AV,28280,2200,03/14,MERATUS GORONTALO-S136,MSC,2021-09-20 14:02:22,MSC,,C,PNJMTY275136
MSDU1615930,20,GP,AV,28260,2220,08/20,MERATUS GORONTALO-S136,MSC,2021-09-20 14:05:45,MSC,,C,PNJMTY275136
TCKU2260651,20,GP,AV,28300,2180,05/10,MERATUS GORONTALO-S136,MSC,2021-09-20 14:06:17,MSC,,C,PNJMTY275136
MSDU1672756,20,GP,AV,28260,2220,11/20,MERATUS GORONTALO-S136,MSC,2021-09-20 14:06:44,MSC,,C,PNJMTY275136
MEDU5313206,20,GP,AV,28260,2220,10/10,MERATUS GORONTALO-S136,MSC,2021-09-20 14:08:01,MSC,,C,PNJMTY275136
MSDU1117250,20,GP,AV,28260,2220,07/19,MERATUS GORONTALO-S136,MSC,2021-09-20 14:08:51,MSC,,A,PNJMTY275136
MEDU5453790,20,GP,AV,28260,2220,11/18,MERATUS GORONTALO-S136,MSC,2021-09-20 14:09:14,MSC,,A,PNJMTY275136
TGHU1862157,20,GP,AV,28280,2200,08/10,MERATUS GORONTALO-S136,MSC,2021-09-20 14:09:46,MSC,,B,PNJMTY275136
FTAU1393941,20,GP,AV,28380,2100,02/19,MERATUS GORONTALO-S136,MSC,2021-09-20 14:10:28,MSC,,A,PNJMTY275136
MSDU1677906,20,GP,AV,28260,2220,11/20,MERATUS GORONTALO-S136,MSC,2021-09-20 14:10:54,MSC,,A,PNJMTY275136
TGBU2782049,20,GP,AV,28380,2100,02/19,MERATUS GORONTALO-S136,MSC,2021-09-20 14:11:24,MSC,,A,PNJMTY275136
GLDU3723827,20,GP,AV,28250,2230,09/06,MERATUS GORONTALO-S136,MSC,2021-09-20 14:11:41,MSC,,C,PNJMTY275136
SEGU3105344,20,GP,AV,28380,2100,04/16,MERATUS GORONTALO-S136,MSC,2021-09-20 14:12:05,MSC,,C,PNJMTY275136
MEDU5888772,20,GP,AV,28260,2220,11/17,MERATUS GORONTALO-S136,MSC,2021-09-20 14:12:33,MSC,,B,PNJMTY275136
MSDU1447755,20,GP,AV,28260,2220,07/19,MERATUS GORONTALO-S136,MSC,2021-09-20 14:12:57,MSC,,A,PNJMTY275136
SEGU3019396,20,GP,AV,28330,2150,10/16,MERATUS GORONTALO-S136,MSC,2021-09-20 14:13:37,MSC,,A,PNJMTY275136
MSDU1089754,20,GP,AV,28260,2220,04/19,MERATUS GORONTALO-S136,MSC,2021-09-20 14:14:06,MSC,,A,PNJMTY275136
MEDU6138237,20,GP,AV,28280,2200,09/10,MERATUS GORONTALO-S136,MSC,2021-09-20 14:14:55,MSC,,B,PNJMTY275136
MSDU1091411,20,GP,AV,28260,2220,04/19,MERATUS GORONTALO-S136,MSC,2021-09-20 14:17:31,MSC,,A,PNJMTY275136
MSDU1802016,20,GP,AV,28260,2220,03/21,MERATUS GORONTALO-S136,MSC,2021-09-20 14:17:53,MSC,,A,PNJMTY275136
GLDU5076843,20,GP,AV,28320,2160,05/07,MERATUS GORONTALO-S136,MSC,2021-09-20 14:18:15,MSC,,C,PNJMTY275136
MSDU1451185,20,GP,AV,28260,2220,07/19,MERATUS GORONTALO-S136,MSC,2021-09-20 14:18:38,MSC,,A,PNJMTY275136
MSDU1210969,20,GP,AV,28260,2220,06/19,MERATUS GORONTALO-S136,MSC,2021-09-20 14:19:13,MSC,,A,PNJMTY275136
MEDU6827956,20,GP,DM,28265,2215,05/11,MERATUS GORONTALO-S136,MSC,2021-09-20 15:01:27,MSC,,B,PNJMTY275136
MEDU3775524,20,GP,DM,28200,2280,07/08,MERATUS GORONTALO-S136,MSC,2021-09-20 15:02:15,MSC,,C,PNJMTY275136
TRHU1824462,20,GP,DM,28300,2180,12/10,MERATUS GORONTALO-S136,MSC,2021-09-20 15:02:47,MSC,,B,PNJMTY275136
MSCU6318150,20,GP,DM,28300,2180,02/07,MERATUS GORONTALO-S136,MSC,2021-09-20 15:03:12,MSC,,C,PNJMTY275136
TCKU1768165,20,GP,DM,28300,2180,11/10,MERATUS GORONTALO-S136,MSC,2021-09-20 15:03:46,MSC,,B,PNJMTY275136
MEDU2273223,20,GP,DM,28200,2280,05/07,MERATUS GORONTALO-S136,MSC,2021-09-20 15:13:26,MSC,,C,PNJMTY275136
FCIU2018992,20,GP,DM,28260,2220,03/05,MERATUS GORONTALO-S136,MSC,2021-09-20 15:13:48,MSC,,D,PNJMTY275136
MEDU2115676,20,GP,DM,28200,2280,04/07,MERATUS GORONTALO-S136,MSC,2021-09-20 15:14:09,MSC,,C,PNJMTY275136
DFSU2935697,20,GP,DM,28320,2160,05/11,MERATUS GORONTALO-S136,MSC,2021-09-20 15:14:27,MSC,,B,PNJMTY275136
FCIU4158458,20,GP,DM,28300,2180,04/10,MERATUS GORONTALO-S136,MSC,2021-09-20 15:14:45,MSC,,B,PNJMTY275136
CAXU6389927,20,GP,DM,28280,2200,01/03,MERATUS GORONTALO-S136,MSC,2021-09-20 15:15:09,MSC,,D,PNJMTY275136
FSCU3507180,20,GP,DM,28260,2220,04/01,MERATUS GORONTALO-S136,MSC,2021-09-20 15:17:58,MSC,,D,PNJMTY275136
FCIU4320893,20,GP,DM,28300,2180,11/10,MERATUS GORONTALO-S136,MSC,2021-09-20 15:18:15,MSC,,B,PNJMTY275136
TRHU1561411,20,GP,DM,28300,2180,09/12,MERATUS GORONTALO-S136,MSC,2021-09-20 15:18:40,MSC,,B,PNJMTY275136
BEAU2812572,20,GP,DM,28270,2210,08/18,MERATUS GORONTALO-S136,MSC,2021-09-20 15:18:57,MSC,,A,PNJMTY275136
IPXU3844509,20,GP,DM,28240,2240,06/06,MERATUS GORONTALO-S136,MSC,2021-09-20 15:19:27,MSC,,B,PNJMTY275136
TCLU2577514,20,GP,DM,28280,2200,08/10,MERATUS GORONTALO-S136,MSC,2021-09-20 15:19:54,MSC,,B,PNJMTY275136
CAXU3133124,20,GP,AV,28280,2200,09/06,MERATUS GORONTALO-S136,MSC,2021-09-20 15:20:09,MSC,,C,PNJMTY275136
MEDU1300411,20,GP,DM,28200,2280,07/06,MERATUS GORONTALO-S136,MSC,2021-09-20 15:25:27,MSC,,C,PNJMTY275136
MEDU6112612,20,GP,DM,28280,2200,12/10,MERATUS GORONTALO-S136,MSC,2021-09-20 15:25:55,MSC,,B,PNJMTY275136
TTNU1873152,20,GP,AV,28250,2230,11/04,MERATUS GORONTALO-S136,MSC,2021-09-20 15:26:45,MSC,,D,PNJMTY275136
TCLU2671731,20,GP,DM,28280,2200,09/10,MERATUS GORONTALO-S136,MSC,2021-09-20 15:27:33,MSC,,B,PNJMTY275136
TRLU8924902,20,GP,DM,28250,2230,05/06,MERATUS GORONTALO-S136,MSC,2021-09-20 15:27:56,MSC,,C,PNJMTY275136
MEDU6366920,20,GP,DM,28200,2280,03/11,MERATUS GORONTALO-S136,MSC,2021-09-20 15:28:22,MSC,,B,PNJMTY275136
MEDU5217239,20,GP,DM,28260,2220,09/18,MERATUS GORONTALO-S136,MSC,2021-09-20 16:23:14,MSC,,A,PNJMTY275136
MEDU2733798,20,GP,DM,28300,2180,03/10,MERATUS GORONTALO-S136,MSC,2021-09-21 09:16:03,MSC,,B,PNJMTY275136
MEDU6475367,20,GP,DM,28260,2220,05/11,MERATUS GORONTALO-S136,MSC,2021-09-21 09:16:35,MSC,,B,PNJMTY275136
MEDU6325900,20,GP,DM,28200,2280,03/11,MERATUS GORONTALO-S136,MSC,2021-09-21 09:17:01,MSC,,B,PNJMTY275136
TGHU3657104,20,GP,DM,28280,2200,03/05,MERATUS GORONTALO-S136,MSC,2021-09-21 09:18:02,MSC,,D,PNJMTY275136
MEDU6533669,20,GP,DM,28200,2280,06/11,MERATUS GORONTALO-S136,MSC,2021-09-21 09:20:02,MSC,,B,PNJMTY275136
MEDU3030146,20,GP,DM,28200,2280,01/08,MERATUS GORONTALO-S136,MSC,2021-09-21 09:25:32,MSC,,C,PNJMTY275136
CAIU2814923,20,GP,DM,28280,2200,03/11,MERATUS GORONTALO-S136,MSC,2021-09-21 09:25:51,MSC,,B,PNJMTY275136
FCIU2202952,20,GP,DM,28260,2220,03/05,MERATUS GORONTALO-S136,MSC,2021-09-21 09:26:07,MSC,,D,PNJMTY275136
IPXU3846749,20,GP,DM,28240,2240,06/06,MERATUS GORONTALO-S136,MSC,2021-09-21 09:26:24,MSC,,C,PNJMTY275136
FCIU4410301,20,GP,DM,28300,2180,12/10,MERATUS GORONTALO-S136,MSC,2021-09-21 09:26:40,MSC,,B,PNJMTY275136
MSCU3237651,20,GP,DM,28200,2280,04/04,MERATUS GORONTALO-S136,MSC,2021-09-21 09:27:07,MSC,,D,PNJMTY275136
MSCU6303295,20,GP,DM,28200,2280,08/05,MERATUS GORONTALO-S136,MSC,2021-09-21 09:27:35,MSC,,D,PNJMTY275136
MEDU3232255,20,GP,DM,28200,2280,04/18,MERATUS GORONTALO-S136,MSC,2021-09-21 09:27:54,MSC,,A,PNJMTY275136
TCKU3921946,20,GP,DM,28260,2220,07/10,MERATUS GORONTALO-S136,MSC,2021-09-21 09:28:18,MSC,,B,PNJMTY275136
MEDU6422990,20,GP,DM,28260,2220,04/11,MERATUS GORONTALO-S136,MSC,2021-09-21 09:28:41,MSC,,B,PNJMTY275136
TCKU2332514,20,GP,DM,28300,2180,08/10,MERATUS GORONTALO-S136,MSC,2021-09-21 09:29:02,MSC,,B,PNJMTY275136
MEDU3743018,20,GP,DM,28200,2280,07/08,MERATUS GORONTALO-S136,MSC,2021-09-21 09:29:24,MSC,,C,PNJMTY275136
TCKU2233928,20,GP,DM,28300,2180,11/10,MERATUS GORONTALO-S136,MSC,2021-09-21 09:29:48,MSC,,B,PNJMTY275136
TGHU3961462,20,GP,DM,28380,2100,05/05,MERATUS GORONTALO-S136,MSC,2021-09-21 09:30:15,MSC,,D,PNJMTY275136
FSCU3400268,20,GP,DM,28260,2220,02/04,MERATUS GORONTALO-S136,MSC,2021-09-21 09:30:41,MSC,,C,PNJMTY275136
MEDU6043086,20,GP,DM,28280,2200,12/10,MERATUS GORONTALO-S136,MSC,2021-09-21 09:45:01,MSC,,B,PNJMTY275136
MEDU6315456,20,GP,DM,28200,2280,03/11,MERATUS GORONTALO-S136,MSC,2021-09-21 09:45:23,MSC,,B,PNJMTY275136
FSCU3764260,20,GP,DM,28260,2220,04/03,MERATUS GORONTALO-S136,MSC,2021-09-21 09:45:42,MSC,,D,PNJMTY275136
MEDU2745588,20,GP,DM,28200,2280,01/08,MERATUS GORONTALO-S136,MSC,2021-09-21 09:46:31,MSC,,C,PNJMTY275136
TCKU3805118,20,GP,DM,28300,2180,04/10,MERATUS GORONTALO-S136,MSC,2021-09-21 09:46:56,MSC,,B,PNJMTY275136
TRHU1746668,20,GP,DM,28300,2180,08/12,MERATUS GORONTALO-S136,MSC,2021-09-21 09:47:16,MSC,,B,PNJMTY275136
MSDU1066281,20,GP,AV,28260,2220,04/19,MERATUS GORONTALO-S136,MSC,2021-09-21 09:59:48,MSC,,A,PNJMTY275136
MSDU1878156,20,GP,AV,28260,2220,04/04,MERATUS GORONTALO-S136,MSC,2021-09-21 10:05:07,MSC,,A,PNJMTY275136
MSDU1380097,20,GP,AV,28260,2220,05/19,MERATUS GORONTALO-S136,MSC,2021-09-21 10:05:24,MSC,,A,PNJMTY275136
MEDU3900225,20,GP,AV,28200,2280,07/10,MERATUS GORONTALO-S136,MSC,2021-09-21 10:05:49,MSC,,B,PNJMTY275136
FCIU5875258,20,GP,AV,28300,2180,03/15,MERATUS GORONTALO-S136,MSC,2021-09-21 10:06:19,MSC,,A,PNJMTY275136
MSCU6713237,20,GP,AV,28200,2280,01/08,MERATUS GORONTALO-S136,MSC,2021-09-21 10:06:40,MSC,,C,PNJMTY275136
MEDU2389229,20,GP,AV,28200,2280,09/07,MERATUS GORONTALO-S136,MSC,2021-09-21 10:07:05,MSC,,C,PNJMTY275136
MSDU1181768,20,GP,AV,28260,2220,08/19,MERATUS GORONTALO-S136,MSC,2021-09-21 10:07:24,MSC,,A,PNJMTY275136
MEDU6292010,20,GP,AV,28200,2280,03/11,MERATUS GORONTALO-S136,MSC,2021-09-21 10:07:47,MSC,,B,PNJMTY275136
MEDU3725251,20,GP,AV,28200,2280,06/08,MERATUS GORONTALO-S136,MSC,2021-09-21 10:08:04,MSC,,C,PNJMTY275136
GLDU3931374,20,GP,AV,28250,2230,02/07,MERATUS GORONTALO-S136,MSC,2021-09-21 10:08:49,MSC,,C,PNJMTY275136
FTAU1461687,20,GP,AV,28380,2100,07/19,MERATUS GORONTALO-S136,MSC,2021-09-21 10:09:36,MSC,,A,PNJMTY275136
CAIU6737173,20,GP,AV,28380,2100,08/18,MERATUS GORONTALO-S136,MSC,2021-09-21 10:10:02,MSC,,A,PNJMTY275136
MEDU2081004,20,GP,AV,28200,2280,07/07,MERATUS GORONTALO-S136,MSC,2021-09-21 10:10:20,MSC,,C,PNJMTY275136
MEDU6074908,20,GP,AV,28200,2280,12/10,MERATUS GORONTALO-S136,MSC,2021-09-21 10:10:39,MSC,,B,PNJMTY275136
MEDU5673959,20,GP,AV,28360,2120,03/19,MERATUS GORONTALO-S136,MSC,2021-09-21 10:10:58,MSC,,A,PNJMTY275136
TLLU2127032,20,GP,AV,28380,2100,12/17,MERATUS GORONTALO-S136,MSC,2021-09-21 10:16:36,MSC,,A,PNJMTY275136
MSDU1510307,20,GP,AV,28260,2220,07/19,MERATUS GORONTALO-S136,MSC,2021-09-21 10:17:20,MSC,,A,PNJMTY275136
MEDU6239119,20,GP,AV,28200,2280,12/10,MERATUS GORONTALO-S136,MSC,2021-09-21 10:17:39,MSC,,B,PNJMTY275136
TGCU2038724,20,GP,AV,28295,2185,03/16,MERATUS GORONTALO-S136,MSC,2021-09-21 10:19:56,MSC,,A,PNJMTY275136
TCKU1284366,20,GP,AV,28300,2180,10/17,MERATUS GORONTALO-S136,MSC,2021-09-21 10:20:13,MSC,,A,PNJMTY275136
MEDU2118335,20,GP,AV,28200,2280,04/07,MERATUS GORONTALO-S136,MSC,2021-09-21 10:20:52,MSC,,D,PNJMTY275136
TEMU2190311,20,GP,AV,28380,2100,04/10,MERATUS GORONTALO-S136,MSC,2021-09-21 10:21:50,MSC,,B,PNJMTY275136
MAGU2377718,20,GP,AV,28270,2210,04/14,MERATUS GORONTALO-S136,MSC,2021-09-21 10:22:13,MSC,,B,PNJMTY275136
MEDU2139235,20,GP,AV,28200,2280,04/07,MERATUS GORONTALO-S136,MSC,2021-09-21 10:29:46,MSC,,C,PNJMTY275136
MEDU3471115,20,GP,AV,28200,2280,05/08,MERATUS GORONTALO-S136,MSC,2021-09-21 10:30:18,MSC,,C,PNJMTY275136
FCIU4235997,20,GP,AV,28300,2180,04/10,MERATUS GORONTALO-S136,MSC,2021-09-21 10:30:38,MSC,,B,PNJMTY275136
FCIU4671096,20,GP,AV,28300,2180,04/12,MERATUS GORONTALO-S136,MSC,2021-09-21 10:31:14,MSC,,B,PNJMTY275136
BMOU1616482,20,GP,AV,28380,2100,07/20,MERATUS GORONTALO-S136,MSC,2021-09-21 10:42:08,MSC,,A,PNJMTY275136
TCLU2752833,20,GP,AV,28250,2230,08/10,MERATUS GORONTALO-S136,MSC,2021-09-21 10:43:05,MSC,,B,PNJMTY275136
FBIU0509568,20,GP,AV,28380,2100,08/18,MERATUS GORONTALO-S136,MSC,2021-09-21 10:43:20,MSC,,A,PNJMTY275136
FSCU3232570,20,GP,AV,28300,2180,01/99,MERATUS GORONTALO-S136,MSC,2021-09-21 10:43:42,MSC,,E,PNJMTY275136
MEDU1462433,20,GP,AV,28200,2280,12/06,MERATUS GORONTALO-S136,MSC,2021-09-21 10:44:28,MSC,,C,PNJMTY275136
MEDU5700268,20,GP,AV,28260,2220,12/17,MERATUS GORONTALO-S136,MSC,2021-09-21 13:23:14,MSC,,B,PNJMTY275136
LLTU2064928,20,GP,AV,28280,2200,06/08,MERATUS GORONTALO-S136,MSC,2021-09-21 13:23:27,MSC,,C,PNJMTY275136
GESU1437983,20,GP,AV,28305,2175,04/11,MERATUS GORONTALO-S136,MSC,2021-09-21 13:23:50,MSC,,C,PNJMTY275136
TRLU3923020,20,GP,AV,28260,2220,04/05,MERATUS GORONTALO-S136,MSC,2021-09-21 13:24:11,MSC,,C,PNJMTY275136
MEDU6319615,20,GP,AV,28200,2280,03/11,MERATUS GORONTALO-S136,MSC,2021-09-21 13:24:32,MSC,,C,PNJMTY275136
MSDU1440128,20,GP,AV,28260,2220,07/19,MERATUS GORONTALO-S136,MSC,2021-09-21 13:24:47,MSC,,C,PNJMTY275136
MSDU1737292,20,GP,AV,28260,2220,02/21,MERATUS GORONTALO-S136,MSC,2021-09-21 13:25:10,MSC,,A,PNJMTY275136
CARU3081489,20,GP,AV,28280,2200,01/07,MERATUS GORONTALO-S136,MSC,2021-09-21 13:25:22,MSC,,C,PNJMTY275136
FSCU3929035,20,GP,AV,28260,2220,12/02,MERATUS GORONTALO-S136,MSC,2021-09-21 13:25:41,MSC,,C,PNJMTY275136
BMOU2711545,20,GP,AV,28260,2220,07/10,MERATUS GORONTALO-S136,MSC,2021-09-21 13:25:56,MSC,,C,PNJMTY275136
GLDU9427458,20,GP,AV,28300,2180,08/11,MERATUS GORONTALO-S136,MSC,2021-09-21 13:26:17,MSC,,C,PNJMTY275136
MEDU5032446,20,GP,AV,28260,2220,11/18,MERATUS GORONTALO-S136,MSC,2021-09-21 13:26:37,MSC,,B,PNJMTY275136
MSCU6076782,20,GP,AV,28200,2280,01/05,MERATUS GORONTALO-S136,MSC,2021-09-21 13:27:15,MSC,,C,PNJMTY275136
TRHU2377100,20,GP,AV,28300,2180,07/12,MERATUS GORONTALO-S136,MSC,2021-09-21 13:27:34,MSC,,C,PNJMTY275136
MSCU3599877,20,GP,AV,28200,2280,02/06,MERATUS GORONTALO-S136,MSC,2021-09-21 13:27:49,MSC,,C,PNJMTY275136
TRHU1827923,20,GP,AV,28300,2180,12/10,MERATUS GORONTALO-S136,MSC,2021-09-21 13:28:25,MSC,,C,PNJMTY275136
MEDU5638705,20,GP,AV,28380,2100,04/19,MERATUS GORONTALO-S136,MSC,2021-09-21 13:29:07,MSC,,A,PNJMTY275136
GLDU5079879,20,GP,AV,28320,2160,05/06,MERATUS GORONTALO-S136,MSC,2021-09-21 13:29:23,MSC,,C,PNJMTY275136
PGTU2334219,20,GP,AV,28230,2250,08/07,MERATUS GORONTALO-S136,MSC,2021-09-21 13:29:44,MSC,,C,PNJMTY275136
GLDU5481445,20,GP,AV,28250,2230,06/04,MERATUS GORONTALO-S136,MSC,2021-09-21 13:30:04,MSC,,C,PNJMTY275136
MEDU6578088,20,GP,AV,28260,2220,04/11,MERATUS GORONTALO-S136,MSC,2021-09-21 13:30:22,MSC,,C,PNJMTY275136
MEDU1061847,20,GP,AV,28200,2280,05/06,MERATUS GORONTALO-S136,MSC,2021-09-21 13:30:48,MSC,,C,PNJMTY275136
XINU1415635,20,GP,AV,28280,2200,03/07,MERATUS GORONTALO-S136,MSC,2021-09-21 13:31:02,MSC,,C,PNJMTY275136
DFSU1476633,20,GP,AV,28320,2160,03/14,MERATUS GORONTALO-S136,MSC,2021-09-21 13:31:12,MSC,,C,PNJMTY275136
FCIU3872769,20,GP,AV,28260,2220,02/08,MERATUS GORONTALO-S136,MSC,2021-09-21 13:31:29,MSC,,C,PNJMTY275136
MEDU2698784,20,GP,AV,28200,2280,04/08,MERATUS GORONTALO-S136,MSC,2021-09-21 13:31:44,MSC,,C,PNJMTY275136
MEDU6109115,20,GP,AV,28200,2280,12/10,MERATUS GORONTALO-S136,MSC,2021-09-21 13:32:28,MSC,,C,PNJMTY275136
CAAU2073319,20,GP,AV,28380,2100,01/09,MERATUS GORONTALO-S136,MSC,2021-09-21 13:40:37,MSC,,C,PNJMTY275136
MSDU1674194,20,GP,AV,28260,2220,11/20,MERATUS GORONTALO-S136,MSC,2021-09-21 13:40:57,MSC,,C,PNJMTY275136
FTAU1244866,20,GP,DM,28380,2100,06/19,MERATUS GORONTALO-S136,MSC,2021-09-21 13:59:43,MSC,,B,PNJMTY275136
BMOU2051349,20,GP,DM,28260,2220,04/08,MERATUS GORONTALO-S136,MSC,2021-09-21 14:00:37,MSC,,C,PNJMTY275136
MEDU6510920,20,GP,DM,28200,2280,04/11,MERATUS GORONTALO-S136,MSC,2021-09-21 14:00:51,MSC,,C,PNJMTY275136
TGHU0974810,20,GP,DM,28280,2200,01/08,MERATUS GORONTALO-S136,MSC,2021-09-21 14:01:42,MSC,,C,PNJMTY275136
FCIU4625866,20,GP,DM,28300,2180,05/11,MERATUS GORONTALO-S136,MSC,2021-09-21 14:01:54,MSC,,C,PNJMTY275136
TCLU2097990,20,GP,DM,28250,2230,07/08,MERATUS GORONTALO-S136,MSC,2021-09-21 14:02:08,MSC,,C,PNJMTY275136
MEDU1481773,20,GP,DM,28200,2280,11/06,MERATUS GORONTALO-S136,MSC,2021-09-21 14:02:21,MSC,,C,PNJMTY275136
MSCU3137246,20,GP,DM,28200,2280,12/03,MERATUS GORONTALO-S136,MSC,2021-09-21 14:02:35,MSC,,C,PNJMTY275136
BMOU2815431,20,GP,DM,28260,2220,03/11,MERATUS GORONTALO-S136,MSC,2021-09-21 14:02:49,MSC,,C,PNJMTY275136
MEDU3034964,20,GP,DM,28200,2280,05/08,MERATUS GORONTALO-S136,MSC,2021-09-21 14:03:11,MSC,,C,PNJMTY275136
MEDU1518620,20,GP,DM,28200,2280,11/08,MERATUS GORONTALO-S136,MSC,2021-09-21 14:03:24,MSC,,C,PNJMTY275136
GLDU2135270,20,GP,DM,28200,2280,03/08,MERATUS GORONTALO-S136,MSC,2021-09-21 14:03:43,MSC,,C,PNJMTY275136
FCIU2391753,20,GP,DM,28260,2220,06/05,MERATUS GORONTALO-S136,MSC,2021-09-21 14:03:59,MSC,,C,PNJMTY275136
MEDU3078237,20,GP,DM,28200,2280,04/08,MERATUS GORONTALO-S136,MSC,2021-09-21 14:04:16,MSC,,C,PNJMTY275136
MEDU3593176,20,GP,DM,28200,2280,06/08,MERATUS GORONTALO-S136,MSC,2021-09-21 14:04:33,MSC,,C,PNJMTY275136
MEDU5412810,20,GP,AV,28260,2220,11/18,MERATUS GORONTALO-S136,MSC,2021-09-21 14:19:53,MSC,,B,PNJMTY275136
FTAU1239854,20,GP,DM,28380,2100,06/19,MERATUS GORONTALO-S136,MSC,2021-09-21 14:20:09,MSC,,A,PNJMTY275136
TEMU3467545,20,GP,AV,28280,2200,02/12,MERATUS GORONTALO-S136,MSC,2021-09-21 14:20:27,MSC,,B,PNJMTY275136
MEDU5437742,20,GP,AV,28260,2220,11/18,MERATUS GORONTALO-S136,MSC,2021-09-21 14:20:52,MSC,,C,PNJMTY275136
FCIU4625700,20,GP,AV,28300,2180,11/11,MERATUS GORONTALO-S136,MSC,2021-09-21 14:21:04,MSC,,C,PNJMTY275136
TGBU3228047,20,GP,AV,28380,2100,07/10,MERATUS GORONTALO-S136,MSC,2021-09-21 14:21:21,MSC,,C,PNJMTY275136
TEMU3744758,20,GP,AV,28280,2200,04/12,MERATUS GORONTALO-S136,MSC,2021-09-21 14:21:36,MSC,,C,PNJMTY275136
MEDU2666745,20,GP,AV,28200,2280,04/08,MERATUS GORONTALO-S136,MSC,2021-09-21 14:21:47,MSC,,C,PNJMTY275136
MEDU2860370,20,GP,DM,28200,2280,03/08,MERATUS GORONTALO-S136,MSC,2021-09-21 14:22:05,MSC,,C,PNJMTY275136
DFSU2885153,20,GP,DM,28320,2160,04/11,MERATUS GORONTALO-S136,MSC,2021-09-21 14:22:18,MSC,,C,PNJMTY275136
MSCU6194240,20,GP,DM,28280,2200,04/05,MERATUS GORONTALO-S136,MSC,2021-09-21 14:22:32,MSC,,C,PNJMTY275136
CAXU3214843,20,GP,DM,28280,2200,07/06,MERATUS GORONTALO-S136,MSC,2021-09-21 14:22:47,MSC,,C,PNJMTY275136
MEDU1677088,20,GP,AV,28200,2280,12/06,MERATUS GORONTALO-S136,MSC,2021-09-21 14:23:29,MSC,,C,PNJMTY275136
FSCU3595956,20,GP,DM,28260,2220,03/12,MERATUS GORONTALO-S136,MSC,2021-09-21 14:23:40,MSC,,C,PNJMTY275136
MSDU1158053,20,GP,AV,28260,2220,07/19,MERATUS GORONTALO-S136,MSC,2021-09-21 14:23:55,MSC,,A,PNJMTY275136
MEDU5462534,20,GP,AV,28260,2220,11/13,MERATUS GORONTALO-S136,MSC,2021-09-21 14:24:06,MSC,,C,PNJMTY275136
MAGU2275167,20,GP,AV,28350,2130,12/12,MERATUS GORONTALO-S136,MSC,2021-09-21 14:24:19,MSC,,C,PNJMTY275136
MSDU1438331,20,GP,AV,28260,2220,10/19,MERATUS GORONTALO-S136,MSC,2021-09-21 14:24:33,MSC,,A,PNJMTY275136
FCIU5975600,20,GP,AV,28300,2180,05/15,MERATUS GORONTALO-S136,MSC,2021-09-21 14:24:46,MSC,,A,PNJMTY275136
TEMU3738652,20,GP,AV,28280,2200,11/12,MERATUS GORONTALO-S136,MSC,2021-09-21 14:25:01,MSC,,C,PNJMTY275136
GLDU9424295,20,GP,AV,28300,2180,08/11,MERATUS GORONTALO-S136,MSC,2021-09-21 14:25:12,MSC,,C,PNJMTY275136
MEDU6206115,20,GP,AV,28200,2280,12/10,MERATUS GORONTALO-S136,MSC,2021-09-21 14:25:23,MSC,,C,PNJMTY275136
FCIU3952571,20,GP,AV,28260,2220,04/08,MERATUS GORONTALO-S136,MSC,2021-09-21 14:25:34,MSC,,C,PNJMTY275136
FTAU1238272,20,GP,AV,28380,2100,08/19,MERATUS GORONTALO-S136,MSC,2021-09-21 14:25:44,MSC,,C,PNJMTY275136
TLLU2197174,20,GP,AV,28380,2100,12/17,MERATUS GORONTALO-S136,MSC,2021-09-21 14:25:53,MSC,,C,PNJMTY275136
TEMU2541421,20,GP,AV,28280,2200,04/11,MERATUS GORONTALO-S136,MSC,2021-09-21 14:26:03,MSC,,C,PNJMTY275136
MEDU5721790,20,GP,AV,28260,2220,02/17,MERATUS GORONTALO-S136,MSC,2021-09-21 14:26:13,MSC,,C,PNJMTY275136
SEGU3686676,20,GP,AV,28400,2080,05/19,MERATUS GORONTALO-S136,MSC,2021-09-21 14:26:26,MSC,,A,PNJMTY275136
BMOU2816741,20,GP,AV,28260,2220,03/11,MERATUS GORONTALO-S136,MSC,2021-09-21 14:26:38,MSC,,C,PNJMTY275136
MSCU2519244,20,OT,DM,28110,2370,07/97,MERATUS GORONTALO-136S,PT. SWEET INDO LAMPUNG,2021-09-21 16:19:25,MSC,,D,MEDUUL292577
MEDU6990011,20,GP,DM,28260,2220,05/15,MERATUS GORONTALO-136S,PT. CHAROEN POKPHAND INDONESIA,2021-09-21 16:23:43,MSC,,B,MEDUDL552640
MEDU2602329,20,GP,AV,28200,2280,04/14,MERATUS GORONTALO-S136,MSC,2021-09-21 17:07:23,MSC,,C,PNJMTY275136
TGBU3094708,20,GP,AV,28300,2180,05/07,MERATUS GORONTALO-S136,MSC,2021-09-21 17:07:31,MSC,,C,PNJMTY275136
MSCU2533638,20,OT,DM,28180,2300,01/07,MERATUS GORONTALO-136S,PT. SWEET INDO LAMPUNG,2021-09-22 10:22:57,MSC,,C,MEDUUL292577
TRLU3988571,20,OT,DM,28180,2300,06/07,MERATUS GORONTALO-136S,PT. SWEET INDO LAMPUNG,2021-09-22 10:23:11,MSC,,C,MEDUUL292577
MSCU3504505,20,GP,AV,28200,2280,01/06,MERATUS GORONTALO-136S,PT. CHAROEN POKPHAND INDONESIA,2021-09-22 13:28:27,MSC,,D,MEDUDL552640
MSCU6302508,20,GP,AV,28200,2280,08/05,MERATUS GORONTALO-136S,PT. GREAT GIANT PINEAPPLE,2021-09-22 15:40:39,MSC,,C,MEDUQ5938640
MSCU6380970,20,GP,DM,28310,2170,04/05,MERATUS GORONTALO-136S,PT. GREAT GIANT PINEAPPLE,2021-09-22 15:41:48,MSC,,C,MEDUQ5938640
MSCU4394552,40,GP,AV,28860,3640,10/18,MERATUS GORONTALO-136S,PT. CJ CHEILJEDANG FEED LAMPUN,2021-09-23 08:40:12,MSC,,A,MEDUBA792838.
MEDU2235481,20,GP,DM,28200,2280,05/07,MERATUS GORONTALO-136S,PT. GREAT GIANT PINEAPPLE,2021-09-23 10:15:42,MSC,,C,MEDUQ5938640
GLDU5400382,20,GP,AV,28250,2230,04/08,MERATUS GORONTALO-136S,PT. GREAT GIANT PINEAPPLE,2021-09-23 10:15:59,MSC,,C,MEDUQ5938640
MEDU3514177,20,GP,DM,28200,2280,05/08,MERATUS GORONTALO-136S,PT. GREAT GIANT PINEAPPLE,2021-09-23 10:26:07,MSC,,C,MEDUQ5938640
MEDU2348791,20,GP,DM,28200,2280,09/07,MERATUS GORONTALO-136S,PT. GREAT GIANT PINEAPPLE,2021-09-23 10:45:28,MSC,,C,MEDUQ5938640
TGHU2495586,20,GP,DM,28280,2200,08/02,MERATUS GORONTALO-136S,PT. CENTRAL PERTIWI BAHARI,2021-09-24 10:03:38,MSC,,D,MEDUAI092126
